"Tax Classes","Tax Classes"
"View Tax Classes","View Tax Classes"
"Save Tax Classes","Save Tax Classes"
"Delete Tax Classes","Delete Tax Classes"
"Taxes","Taxes"
"Edit Tax Class","Edit Tax Class"
"New Tax Class","New Tax Class"
"Add New Tax Class","Add New Tax Class"
"Customer","Customer"
"Product","Product"
"ID","ID"
"Name","Name"
"Type","Type"
"Delete","Delete"
"-- Select a type --","-- Select a type --"
"We can't find a tax class to delete.","We can't find a tax class to delete."
"The tax class has been deleted.","The tax class has been deleted."
"The tax class could not be deleted.","The tax class could not be deleted."
"Please select tax classes to delete.","Please select tax classes to delete."
"Tax class %1 could not be deleted.","Tax class %1 could not be deleted."
"Tax class %1: %2","Tax class %1: %2"
"%1 tax class(es) have been deleted.","%1 tax class(es) have been deleted."
"This tax class no longer exists.","This tax class no longer exists."
"Back","Back"
"Save & Close","Save & Close"
"Save & Continue","Save & Continue"
